{"mdsDat": {"x": [-0.07939971682189424, 0.07868991935909267, 0.0007097974628015606], "y": [-0.027889796401149754, -0.02865137920874972, 0.05654117560989944], "topics": [1, 2, 3], "cluster": [1, 1, 1], "Freq": [53.72422512249578, 34.8565750406525, 11.419199836851712]}, "tinfo": {"Term": ["\u0441\u0438\u0441\u0442\u0435\u043c\u0430", "\u0442\u0440\u0435\u0431\u043e\u0432\u0430\u0442\u044c\u0441\u044f", "\u0445\u0430\u043a\u0435\u0440", "\u0437\u043b\u043e\u0434\u0435\u0439", "\u0440\u0430\u0437\u043c\u0430\u0445", "\u043f\u0440\u0435\u0441\u0442\u0443\u043f\u043b\u0435\u043d\u0438\u0435", "\u043f\u043e\u043c\u043e\u0449\u044c", "\u0444\u0438\u043b\u044c\u043c", "\u0430\u0433\u0435\u043d\u0442", "\u0446\u0440\u0443", "\u0431\u044b\u0432\u0448\u0438\u0435", "\u0432\u044b\u0448\u0435\u0434\u0448\u0438\u0435", "\u043f\u043b\u0430\u0432\u0430\u043d\u0438\u0435", "\u0443\u0441\u043f\u0435\u0445", "\u0448\u0430\u043d\u0441", "\u043f\u0440\u0435\u0434\u043f\u0440\u0438\u044f\u0442\u0438\u0435", "\u043e\u0431\u0435\u0449\u0430\u0442\u044c", "\u0434\u043e\u0447\u043a\u043e\u0439", "\u043e\u0431\u043c\u0435\u043d", "\u0436\u0438\u0437\u043d\u044c", "\u0437\u0430\u0434\u0443\u043c\u043a\u0430", "\u0444\u043e\u043d\u0434", "\u043c\u0438\u043b\u043b\u0438\u0430\u0440\u0434", "\u0434\u043e\u043b\u043b\u0430\u0440", "\u0448\u0438\u0440", "\u0434\u0436\u043e\u0431\u0441\u043e\u043d", "\u043a\u043e\u0442\u043e\u0440\u044b\u0439", "\u0434\u0436\u0438\u043d\u0434\u0436\u0435\u0440", "\u043f\u0440\u0435\u0441\u0442\u0443\u043f\u043d\u0438\u043a", "\u0442\u0430\u043a\u043e\u0439", "\u0434\u0436\u043e\u0431\u0441\u043e\u043d", "\u0432\u044b\u0438\u0442\u044c", "\u0441\u0430\u0438\u0442", "\u0437\u0430\u0434\u0430\u043d\u0438\u0435", "\u0432\u044b\u043f\u043e\u043b\u043d\u0435\u043d\u0438\u0435", "\u0447\u0435\u043b\u043e\u0432\u0435\u043a", "\u043f\u0430\u0440\u0442\u043d\u0451\u0440\u0448\u0430", "\u043a\u043e\u0442\u043e\u0440\u044b\u0439", "\u043f\u043e\u0442\u0435\u0440\u044f\u0442\u044c", "\u0432\u0437\u043b\u043e\u043c", "\u043e\u0431\u043e\u0440\u043e\u0442", "\u0438\u0433\u0440\u0430", "\u0445\u043e\u043b\u043b\u0438", "\u043d\u0430\u0447\u0438\u043d\u0430\u0442\u044c", "\u0441\u043b\u0430\u0431\u043e\u0441\u0442\u044c", "\u0442\u0430\u043a\u043e\u0439", "\u043e\u043f\u0435\u043a\u0430", "\u043d\u0430\u0445\u043e\u0434\u0438\u0442\u044c\u0441\u044f", "\u043f\u043e\u043d\u0438\u043c\u0430\u0442\u044c", "\u0434\u0435\u043d\u044c\u0433\u0430", "\u0434\u0436\u0438\u043d\u0434\u0436\u0435\u0440", "\u0434\u043e\u0447\u044c", "\u0434\u0435\u043b\u043e", "\u0431\u0440\u0430\u0442\u044c", "\u0444\u0431\u0440", "\u043f\u0440\u0435\u0441\u0442\u0443\u043f\u043d\u0438\u043a", "\u0441\u0435\u0438\u0447\u0430\u0441", "\u044f\u0432\u043b\u044f\u0442\u044c\u0441\u044f", "\u0430\u0444\u0435\u0440\u0430", "\u0433\u044d\u0431\u0440\u0438\u044d\u043b\u0430", "\u0433\u0435\u0440\u043e\u0439", "\u0441\u0442\u044d\u043d\u043b\u0438", "\u0432\u043e\u0437\u043c\u043e\u0436\u043d\u043e\u0441\u0442\u044c", "\u0437\u0430\u0434\u0443\u043c\u043a\u0430", "\u0444\u043e\u043d\u0434", "\u0434\u043e\u043b\u043b\u0430\u0440", "\u0448\u0438\u0440", "\u043c\u0438\u043b\u043b\u0438\u0430\u0440\u0434", "\u043e\u0431\u0435\u0449\u0430\u0442\u044c", "\u0434\u043e\u0447\u043a\u043e\u0439", "\u0443\u0441\u043f\u0435\u0445", "\u043e\u0431\u043c\u0435\u043d", "\u0436\u0438\u0437\u043d\u044c", "\u043f\u0440\u0435\u0434\u043f\u0440\u0438\u044f\u0442\u0438\u0435", "\u0448\u0430\u043d\u0441", "\u043f\u043b\u0430\u0432\u0430\u043d\u0438\u0435", "\u0432\u044b\u0448\u0435\u0434\u0448\u0438\u0435", "\u0431\u044b\u0432\u0448\u0438\u0435", "\u0446\u0440\u0443", "\u0444\u0438\u043b\u044c\u043c", "\u0430\u0433\u0435\u043d\u0442", "\u0441\u0442\u044d\u043d\u043b\u0438", "\u0432\u043e\u0437\u043c\u043e\u0436\u043d\u043e\u0441\u0442\u044c", "\u0433\u0435\u0440\u043e\u0439", "\u0433\u044d\u0431\u0440\u0438\u044d\u043b\u0430", "\u043f\u043e\u043c\u043e\u0449\u044c", "\u043f\u0440\u0435\u0441\u0442\u0443\u043f\u043b\u0435\u043d\u0438\u0435", "\u0440\u0430\u0437\u043c\u0430\u0445", "\u0437\u043b\u043e\u0434\u0435\u0439", "\u0445\u0430\u043a\u0435\u0440", "\u0442\u0440\u0435\u0431\u043e\u0432\u0430\u0442\u044c\u0441\u044f", "\u0441\u0438\u0441\u0442\u0435\u043c\u0430", "\u0430\u0444\u0435\u0440\u0430", "\u0441\u0438\u0441\u0442\u0435\u043c\u0430", "\u0442\u0440\u0435\u0431\u043e\u0432\u0430\u0442\u044c\u0441\u044f", "\u0445\u0430\u043a\u0435\u0440", "\u0437\u043b\u043e\u0434\u0435\u0439", "\u0440\u0430\u0437\u043c\u0430\u0445", "\u043f\u0440\u0435\u0441\u0442\u0443\u043f\u043b\u0435\u043d\u0438\u0435", "\u043f\u043e\u043c\u043e\u0449\u044c", "\u0444\u0438\u043b\u044c\u043c", "\u0430\u0433\u0435\u043d\u0442", "\u0446\u0440\u0443", "\u0431\u044b\u0432\u0448\u0438\u0435", "\u0432\u044b\u0448\u0435\u0434\u0448\u0438\u0435", "\u043f\u043b\u0430\u0432\u0430\u043d\u0438\u0435", "\u0448\u0430\u043d\u0441", "\u043f\u0440\u0435\u0434\u043f\u0440\u0438\u044f\u0442\u0438\u0435", "\u0436\u0438\u0437\u043d\u044c", "\u0443\u0441\u043f\u0435\u0445", "\u043e\u0431\u043c\u0435\u043d", "\u0434\u043e\u0447\u043a\u043e\u0439", "\u043e\u0431\u0435\u0449\u0430\u0442\u044c", "\u043c\u0438\u043b\u043b\u0438\u0430\u0440\u0434", "\u0444\u043e\u043d\u0434", "\u0437\u0430\u0434\u0443\u043c\u043a\u0430", "\u0434\u043e\u043b\u043b\u0430\u0440", "\u0448\u0438\u0440", "\u0441\u0435\u0438\u0447\u0430\u0441", "\u044f\u0432\u043b\u044f\u0442\u044c\u0441\u044f", "\u0430\u0444\u0435\u0440\u0430", "\u043f\u0440\u0435\u0441\u0442\u0443\u043f\u043d\u0438\u043a", "\u0444\u0431\u0440", "\u0433\u044d\u0431\u0440\u0438\u044d\u043b\u0430", "\u0433\u0435\u0440\u043e\u0439", "\u0432\u043e\u0437\u043c\u043e\u0436\u043d\u043e\u0441\u0442\u044c", "\u0441\u0442\u044d\u043d\u043b\u0438", "\u0434\u0436\u043e\u0431\u0441\u043e\u043d"], "Freq": [0.0, 0.0, 0.0, 0.0, 0.0, 0.0, 0.0, 1.0, 1.0, 1.0, 1.0, 1.0, 1.0, 1.0, 1.0, 1.0, 1.0, 1.0, 1.0, 1.0, 1.0, 1.0, 1.0, 1.0, 1.0, 1.0, 1.0, 1.0, 1.0, 1.0, 1.4805628350657292, 0.8461080636258098, 0.8461030201398612, 0.8461022636169688, 0.8461013810069279, 0.846079694017349, 0.8460813961938566, 0.8460683461739645, 0.8460750287928465, 0.8460782440151386, 0.8460772983615233, 0.8460682200868158, 0.8460721918320003, 0.8460612852936366, 0.8460594570299802, 0.8460488026659138, 0.8460513874524624, 0.8460472265765548, 0.8460394722169089, 0.846045146138601, 0.8460317809008372, 0.8460279982863758, 0.8460166504429915, 0.846007383037561, 0.8459986199807252, 0.8459789503855257, 0.8458979393924764, 0.845888167638451, 0.845879530668764, 0.846483046806088, 0.84645095762674, 0.8463817357820955, 0.8463492052977271, 0.7086611910126769, 0.7086469567615501, 0.7086435209078298, 0.7086352584976929, 0.7086206152163613, 0.7083803508740657, 0.7083706159551917, 0.7083260316628692, 0.7083031259714008, 0.7082686038221162, 0.7082519971958016, 0.708233427224504, 0.7073244803034122, 0.7071722392611881, 0.7071265096842922, 0.7070191801585545, 0.7066947374001123, 0.7066695411394971, 0.7081666734950817, 0.7081471218512926, 0.707079471210741, 0.706875692362713, 0.17797548433131366, 0.17795985937749054, 0.17793298609303562, 0.17791200284352973, 0.17786496436997848, 0.1777726871557771, 0.1777020476394093, 0.17737220568226394, 0.363574540350886, 0.3635332950043673, 0.36347918561215076, 0.36346699156883305, 0.3634604523456033, 0.363442791082864, 0.3634367878615383, 0.09201614367528609, 0.09201593597454825, 0.09185352739761307, 0.09180379312093857, 0.0917730735118112, 0.09169945365028628, 0.09123134308738488, 0.09122261295637224, 0.09120932680917494, 0.09119713946588101, 0.09119423165555139, 0.09116407484842329, 0.09116189734068798, 0.09102090203982066, 0.0910127816109739, 0.09100777669319458, 0.09100801119402761, 0.09100604808705394, 0.09102663726019428, 0.09102577295712395, 0.09101728402696814, 0.09101652692427864, 0.0910114416062137, 0.09183951764784527, 0.09174867872515191, 0.09124441483382055, 0.09122039524849412, 0.09104439232326682],