{"mdsDat": {"x": [0.08902210208907144, -0.07425910526613821, -0.014762996822933238], "y": [-0.02663728528929941, -0.04646611956370675, 0.07310340485300611], "topics": [1, 2, 3], "cluster": [1, 1, 1], "Freq": [44.43455802110834, 34.34697569479964, 21.21846628409202]}, "tinfo": {"Term": ["\u043c\u0430\u0445\u0438\u043d\u0430\u0446\u0438\u044f", "\u0433\u0435\u0440\u043e\u0439", "\u0437\u0430\u043d\u0438\u043c\u0430\u0442\u044c\u0441\u044f", "\u0433\u043b\u0430\u0432\u043d\u044b\u0439", "\u043a\u043e\u043c\u043f\u044c\u044e\u0442\u0435\u0440", "\u0440\u0430\u0437\u0431\u0438\u0440\u0430\u044e\u0449\u0438\u0438\u0441\u044f", "\u0436\u0438\u0437\u043d\u044c", "\u043d\u0430\u043f\u0430\u0440\u043d\u0438\u043a", "\u0441\u0438\u0441\u0442\u0435\u043c\u0430", "\u0445\u0432\u0430\u0442\u0438\u0442\u044c", "\u0440\u0435\u0448\u0430\u0442\u044c", "\u0441\u0443\u043c\u043c\u043e\u0438", "\u0431\u0430\u043d\u043a", "\u043a\u043e\u043d\u0435\u0446", "\u043a\u043e\u0442\u043e\u0440\u043e\u0439", "\u043d\u0430\u0445\u043e\u0434\u0438\u0442\u044c", "\u043f\u0430\u0440\u0435\u043d\u044c", "\u0441\u0440\u043e\u043a", "\u043f\u0440\u0435\u0441\u0442\u0443\u043f\u043b\u0435\u043d\u0438\u0435", "\u0441\u043e\u0433\u043b\u0430\u0448\u0430\u0442\u044c\u0441\u044f", "\u0442\u044e\u0440\u044c\u043c\u0430", "\u043f\u0440\u0435\u0434\u043f\u0440\u0438\u044f\u0442\u0438\u0435", "\u043d\u0430\u0447\u0438\u043d\u0430\u0442\u044c\u0441\u044f", "\u043c\u043e\u0448\u0435\u043d\u043d\u0438\u043a", "\u0443\u0434\u043e\u0432\u043e\u043b\u044c\u0441\u0442\u0432\u0438\u0435", "\u043e\u0442\u043a\u0430\u0437\u044b\u0432\u0430\u0442\u044c", "\u043f\u0440\u0438\u043d\u043e\u0441\u0438\u0442\u044c", "\u0445\u043e\u0442\u0435\u0442\u044c", "\u0432\u043e\u0438\u043d", "\u0434\u0435\u043d\u044c\u0433\u0430", "\u043f\u0440\u0435\u0434\u043f\u0440\u0438\u044f\u0442\u0438\u0435", "\u0441\u043e\u0433\u043b\u0430\u0448\u0430\u0442\u044c\u0441\u044f", "\u043d\u0430\u0447\u0438\u043d\u0430\u0442\u044c\u0441\u044f", "\u0442\u044e\u0440\u044c\u043c\u0430", "\u043c\u043e\u0448\u0435\u043d\u043d\u0438\u043a", "\u0443\u0434\u043e\u0432\u043e\u043b\u044c\u0441\u0442\u0432\u0438\u0435", "\u043e\u0442\u043a\u0430\u0437\u044b\u0432\u0430\u0442\u044c", "\u043f\u0440\u0438\u043d\u043e\u0441\u0438\u0442\u044c", "\u0445\u043e\u0442\u0435\u0442\u044c", "\u0432\u043e\u0438\u043d", "\u043a\u043e\u043c\u043f\u044c\u044e\u0442\u0435\u0440\u0449\u0438\u043a", "\u0438\u0441\u043f\u043e\u043b\u044c\u0437\u043e\u0432\u0430\u0442\u044c", "\u0434\u043e\u043b\u044f", "\u043f\u043e\u043d\u0438\u043c\u0430\u0442\u044c", "\u0434\u0435\u043d\u044c\u0433\u0430", "\u043d\u0430\u043f\u0430\u0440\u043d\u0438\u043a", "\u0440\u0430\u0437\u0431\u0438\u0440\u0430\u044e\u0449\u0438\u0438\u0441\u044f", "\u043a\u043e\u043c\u043f\u044c\u044e\u0442\u0435\u0440", "\u0433\u043b\u0430\u0432\u043d\u044b\u0439", "\u0433\u0435\u0440\u043e\u0439", "\u0437\u0430\u043d\u0438\u043c\u0430\u0442\u044c\u0441\u044f", "\u043c\u0430\u0445\u0438\u043d\u0430\u0446\u0438\u044f", "\u043f\u0440\u0435\u0441\u0442\u0443\u043f\u043b\u0435\u043d\u0438\u0435", "\u0441\u0440\u043e\u043a", "\u043d\u0430\u0445\u043e\u0434\u0438\u0442\u044c", "\u043f\u0430\u0440\u0435\u043d\u044c", "\u043a\u043e\u0442\u043e\u0440\u043e\u0439", "\u0441\u0443\u043c\u043c\u043e\u0438", "\u0431\u0430\u043d\u043a", "\u043a\u043e\u043d\u0435\u0446", "\u0436\u0438\u0437\u043d\u044c", "\u0441\u0438\u0441\u0442\u0435\u043c\u0430", "\u0445\u0432\u0430\u0442\u0438\u0442\u044c", "\u0440\u0435\u0448\u0430\u0442\u044c", "\u0441\u0443\u043c\u043c\u043e\u0438", "\u0431\u0430\u043d\u043a", "\u043a\u043e\u043d\u0435\u0446", "\u043a\u043e\u0442\u043e\u0440\u043e\u0439", "\u043d\u0430\u0445\u043e\u0434\u0438\u0442\u044c", "\u043f\u0430\u0440\u0435\u043d\u044c", "\u0441\u0440\u043e\u043a", "\u043f\u0440\u0435\u0441\u0442\u0443\u043f\u043b\u0435\u043d\u0438\u0435", "\u0436\u0438\u0437\u043d\u044c", "\u0434\u0435\u043d\u044c\u0433\u0430", "\u0440\u0430\u0437\u0431\u0438\u0440\u0430\u044e\u0449\u0438\u0438\u0441\u044f", "\u0433\u043b\u0430\u0432\u043d\u044b\u0439", "\u043a\u043e\u043c\u043f\u044c\u044e\u0442\u0435\u0440", "\u0437\u0430\u043d\u0438\u043c\u0430\u0442\u044c\u0441\u044f", "\u043c\u0430\u0445\u0438\u043d\u0430\u0446\u0438\u044f", "\u0433\u0435\u0440\u043e\u0439", "\u0438\u0441\u043f\u043e\u043b\u044c\u0437\u043e\u0432\u0430\u0442\u044c", "\u043f\u043e\u043d\u0438\u043c\u0430\u0442\u044c", "\u0434\u043e\u043b\u044f", "\u0432\u043e\u0438\u043d", "\u043a\u043e\u043c\u043f\u044c\u044e\u0442\u0435\u0440\u0449\u0438\u043a", "\u0445\u043e\u0442\u0435\u0442\u044c", "\u043f\u0440\u0438\u043d\u043e\u0441\u0438\u0442\u044c", "\u0443\u0434\u043e\u0432\u043e\u043b\u044c\u0441\u0442\u0432\u0438\u0435", "\u043e\u0442\u043a\u0430\u0437\u044b\u0432\u0430\u0442\u044c", "\u043c\u043e\u0448\u0435\u043d\u043d\u0438\u043a", "\u043f\u0440\u0435\u0434\u043f\u0440\u0438\u044f\u0442\u0438\u0435", "\u043d\u0430\u043f\u0430\u0440\u043d\u0438\u043a", "\u043d\u0430\u0447\u0438\u043d\u0430\u0442\u044c\u0441\u044f", "\u043c\u0430\u0445\u0438\u043d\u0430\u0446\u0438\u044f", "\u0433\u0435\u0440\u043e\u0439", "\u0437\u0430\u043d\u0438\u043c\u0430\u0442\u044c\u0441\u044f", "\u0433\u043b\u0430\u0432\u043d\u044b\u0439", "\u043a\u043e\u043c\u043f\u044c\u044e\u0442\u0435\u0440", "\u0440\u0430\u0437\u0431\u0438\u0440\u0430\u044e\u0449\u0438\u0438\u0441\u044f", "\u0436\u0438\u0437\u043d\u044c", "\u043d\u0430\u043f\u0430\u0440\u043d\u0438\u043a", "\u043f\u0440\u0435\u0441\u0442\u0443\u043f\u043b\u0435\u043d\u0438\u0435", "\u0441\u0440\u043e\u043a", "\u043f\u0430\u0440\u0435\u043d\u044c", "\u043d\u0430\u0445\u043e\u0434\u0438\u0442\u044c", "\u043a\u043e\u0442\u043e\u0440\u043e\u0439", "\u043a\u043e\u043d\u0435\u0446", "\u0431\u0430\u043d\u043a", "\u0445\u0432\u0430\u0442\u0438\u0442\u044c", "\u0440\u0435\u0448\u0430\u0442\u044c", "\u0441\u0443\u043c\u043c\u043e\u0438", "\u0441\u0438\u0441\u0442\u0435\u043c\u0430", "\u043f\u043e\u043d\u0438\u043c\u0430\u0442\u044c", "\u0434\u043e\u043b\u044f", "\u0438\u0441\u043f\u043e\u043b\u044c\u0437\u043e\u0432\u0430\u0442\u044c", "\u043a\u043e\u043c\u043f\u044c\u044e\u0442\u0435\u0440\u0449\u0438\u043a", "\u0432\u043e\u0438\u043d", "\u0445\u043e\u0442\u0435\u0442\u044c", "\u043e\u0442\u043a\u0430\u0437\u044b\u0432\u0430\u0442\u044c", "\u043f\u0440\u0438\u043d\u043e\u0441\u0438\u0442\u044c", "\u043c\u043e\u0448\u0435\u043d\u043d\u0438\u043a", "\u0442\u044e\u0440\u044c\u043c\u0430", "\u0441\u043e\u0433\u043b\u0430\u0448\u0430\u0442\u044c\u0441\u044f", "\u0434\u0435\u043d\u044c\u0433\u0430", "\u043d\u0430\u0447\u0438\u043d\u0430\u0442\u044c\u0441\u044f", "\u0443\u0434\u043e\u0432\u043e\u043b\u044c\u0441\u0442\u0432\u0438\u0435", "\u043f\u0440\u0435\u0434\u043f\u0440\u0438\u044f\u0442\u0438\u0435"],